Metric,Value
ROC AUC,0.8248394791304403
Accuracy,0.983611111111111
Precision,0.24154402031639297
Recall,0.1424230585791137
F1 Score,0.17087378767517658
MCC,0.1738287517144328
TPR (Sensitivity),0.1424230585791137
TNR (Specificity),0.9952289505850116
